{"guid":{"value":"a2922cf87b58cf26-f1b3e2c9e71f1b30"},"aspectRatio":1,"rotation":{"x":0,"y":0,"z":0},"center":{"x":0,"y":0,"z":0},"unclampedSize":{"x":100,"y":100},"nodeSize":0.5,"collision":{"type":"Capsule","diameter":1,"height":2,"collisionOffset":0,"rayDirection":"Both","mask":{"value":2},"heightMask":{"value":-7},"fromHeight":100,"thickRaycast":false,"thickRaycastDiameter":1,"up":{"x":0,"y":1,"z":0},"collisionCheck":true,"heightCheck":true,"unwalkableWhenNoGround":true,"use2D":false},"maxClimb":0.3,"maxClimbAxis":1,"maxSlope":17,"erodeIterations":2,"erosionUseTags":false,"erosionFirstTag":1,"autoLinkGrids":false,"autoLinkDistLimit":10,"neighbours":"Eight","cutCorners":true,"penaltyPositionOffset":0,"penaltyPosition":false,"penaltyPositionFactor":1,"penaltyAngle":false,"penaltyAngleFactor":100,"textureData":{"enabled":false,"source":null,"factors":[0.01,0,0],"channels":["Position","None","None"]},"initialPenalty":10,"open":true,"name":"Example Grid Graph","drawGizmos":true,"infoScreenOpen":false,"matrix":{"values":[0.5,0,0,0,0,1,0,0,0,0,0.5,0,-50,0,-50,1]}}